,precision,recall,f1-score
Inquiry,0.7878787878787878,0.41935483870967744,0.5473684210526316
Request for action,0.4375,0.9333333333333333,0.5957446808510638
Complaint,0.8333333333333334,0.15625,0.2631578947368421
Technical Issue,0.625,0.47619047619047616,0.5405405405405406
Praise,1.0,0.8666666666666667,0.9285714285714286
Unclear,0.0,0.0,0.0
